<?xml version="1.0" encoding="UTF-8" standalone="yes"?>
<ns2:MovieSchedules xmlns="http://nguyenviethung.com/department" xmlns:ns2="http://nguyenviethung.com/movieSchedules">
    <MovieSchedule>
        <movieId>82</movieId>
        <departmentId>552</departmentId>
        <date>2018-10-31+07:00</date>
        <showingTimeList>
            <time>08:50</time>
            <time>10:50</time>
            <time>12:50</time>
            <time>13:40</time>
            <time>14:50</time>
            <time>17:00</time>
            <time>18:15</time>
            <time>19:00</time>
            <time>21:00</time>
        </showingTimeList>
        <bookingUrl>https://www.cgv.vn/default/goosebumps-2-haunted-halloween.html</bookingUrl>
    </MovieSchedule>
    <MovieSchedule>
        <movieId>82</movieId>
        <departmentId>553</departmentId>
        <date>2018-10-31+07:00</date>
        <showingTimeList>
            <time>09:45</time>
            <time>14:10</time>
            <time>16:10</time>
            <time>18:10</time>
            <time>20:10</time>
            <time>22:10</time>
        </showingTimeList>
        <bookingUrl>https://www.cgv.vn/default/goosebumps-2-haunted-halloween.html</bookingUrl>
    </MovieSchedule>
    <MovieSchedule>
        <movieId>82</movieId>
        <departmentId>554</departmentId>
        <date>2018-10-31+07:00</date>
        <showingTimeList>
            <time>09:30</time>
            <time>11:30</time>
            <time>15:50</time>
            <time>17:50</time>
            <time>19:40</time>
            <time>20:40</time>
            <time>22:35</time>
            <time>12:20</time>
        </showingTimeList>
        <bookingUrl>https://www.cgv.vn/default/goosebumps-2-haunted-halloween.html</bookingUrl>
    </MovieSchedule>
    <MovieSchedule>
        <movieId>82</movieId>
        <departmentId>555</departmentId>
        <date>2018-10-31+07:00</date>
        <showingTimeList>
            <time>08:40</time>
            <time>12:00</time>
            <time>13:50</time>
            <time>15:40</time>
            <time>17:30</time>
            <time>19:30</time>
            <time>21:30</time>
        </showingTimeList>
        <bookingUrl>https://www.cgv.vn/default/goosebumps-2-haunted-halloween.html</bookingUrl>
    </MovieSchedule>
    <MovieSchedule>
        <movieId>82</movieId>
        <departmentId>556</departmentId>
        <date>2018-10-31+07:00</date>
        <showingTimeList>
            <time>09:45</time>
            <time>10:20</time>
            <time>11:50</time>
            <time>12:20</time>
            <time>13:50</time>
            <time>14:20</time>
            <time>15:50</time>
            <time>16:20</time>
            <time>18:15</time>
            <time>19:20</time>
            <time>20:15</time>
            <time>21:20</time>
            <time>22:05</time>
        </showingTimeList>
        <bookingUrl>https://www.cgv.vn/default/goosebumps-2-haunted-halloween.html</bookingUrl>
    </MovieSchedule>
    <MovieSchedule>
        <movieId>82</movieId>
        <departmentId>557</departmentId>
        <date>2018-10-31+07:00</date>
        <showingTimeList>
            <time>09:20</time>
            <time>14:30</time>
            <time>18:50</time>
            <time>20:50</time>
        </showingTimeList>
        <bookingUrl>https://www.cgv.vn/default/goosebumps-2-haunted-halloween.html</bookingUrl>
    </MovieSchedule>
    <MovieSchedule>
        <movieId>82</movieId>
        <departmentId>558</departmentId>
        <date>2018-10-31+07:00</date>
        <showingTimeList>
            <time>11:50</time>
            <time>13:40</time>
            <time>21:30</time>
            <time>23:50</time>
        </showingTimeList>
        <bookingUrl>https://www.cgv.vn/default/goosebumps-2-haunted-halloween.html</bookingUrl>
    </MovieSchedule>
    <MovieSchedule>
        <movieId>82</movieId>
        <departmentId>559</departmentId>
        <date>2018-10-31+07:00</date>
        <showingTimeList>
            <time>10:15</time>
            <time>11:45</time>
            <time>12:30</time>
            <time>13:45</time>
            <time>15:15</time>
            <time>17:00</time>
            <time>19:00</time>
            <time>21:00</time>
        </showingTimeList>
        <bookingUrl>https://www.cgv.vn/default/goosebumps-2-haunted-halloween.html</bookingUrl>
    </MovieSchedule>
    <MovieSchedule>
        <movieId>82</movieId>
        <departmentId>560</departmentId>
        <date>2018-10-31+07:00</date>
        <showingTimeList>
            <time>12:45</time>
            <time>16:35</time>
            <time>20:10</time>
        </showingTimeList>
        <bookingUrl>https://www.cgv.vn/default/goosebumps-2-haunted-halloween.html</bookingUrl>
    </MovieSchedule>
    <MovieSchedule>
        <movieId>82</movieId>
        <departmentId>561</departmentId>
        <date>2018-10-31+07:00</date>
        <showingTimeList>
            <time>09:30</time>
            <time>11:30</time>
            <time>15:30</time>
            <time>17:30</time>
            <time>19:30</time>
            <time>21:30</time>
            <time>22:20</time>
        </showingTimeList>
        <bookingUrl>https://www.cgv.vn/default/goosebumps-2-haunted-halloween.html</bookingUrl>
    </MovieSchedule>
    <MovieSchedule>
        <movieId>82</movieId>
        <departmentId>562</departmentId>
        <date>2018-10-31+07:00</date>
        <showingTimeList>
            <time>09:20</time>
            <time>18:20</time>
            <time>22:10</time>
        </showingTimeList>
        <bookingUrl>https://www.cgv.vn/default/goosebumps-2-haunted-halloween.html</bookingUrl>
    </MovieSchedule>
    <MovieSchedule>
        <movieId>82</movieId>
        <departmentId>563</departmentId>
        <date>2018-10-31+07:00</date>
        <showingTimeList>
            <time>16:20</time>
            <time>18:30</time>
            <time>20:30</time>
            <time>22:20</time>
            <time>10:50</time>
            <time>15:15</time>
        </showingTimeList>
        <bookingUrl>https://www.cgv.vn/default/goosebumps-2-haunted-halloween.html</bookingUrl>
    </MovieSchedule>
    <MovieSchedule>
        <movieId>82</movieId>
        <departmentId>564</departmentId>
        <date>2018-10-31+07:00</date>
        <showingTimeList>
            <time>08:10</time>
            <time>10:00</time>
            <time>11:00</time>
            <time>13:00</time>
            <time>15:10</time>
            <time>17:00</time>
            <time>19:10</time>
            <time>21:10</time>
        </showingTimeList>
        <bookingUrl>https://www.cgv.vn/default/goosebumps-2-haunted-halloween.html</bookingUrl>
    </MovieSchedule>
    <MovieSchedule>
        <movieId>82</movieId>
        <departmentId>565</departmentId>
        <date>2018-10-31+07:00</date>
        <showingTimeList>
            <time>09:20</time>
            <time>13:40</time>
            <time>17:00</time>
            <time>18:00</time>
            <time>20:00</time>
        </showingTimeList>
        <bookingUrl>https://www.cgv.vn/default/goosebumps-2-haunted-halloween.html</bookingUrl>
    </MovieSchedule>
    <MovieSchedule>
        <movieId>82</movieId>
        <departmentId>566</departmentId>
        <date>2018-10-31+07:00</date>
        <showingTimeList>
            <time>09:50</time>
            <time>10:40</time>
            <time>12:30</time>
            <time>14:20</time>
            <time>15:50</time>
            <time>18:20</time>
            <time>19:30</time>
            <time>20:10</time>
        </showingTimeList>
        <bookingUrl>https://www.cgv.vn/default/goosebumps-2-haunted-halloween.html</bookingUrl>
    </MovieSchedule>
    <MovieSchedule>
        <movieId>82</movieId>
        <departmentId>567</departmentId>
        <date>2018-10-31+07:00</date>
        <showingTimeList>
            <time>12:00</time>
            <time>16:40</time>
            <time>18:30</time>
        </showingTimeList>
        <bookingUrl>https://www.cgv.vn/default/goosebumps-2-haunted-halloween.html</bookingUrl>
    </MovieSchedule>
    <MovieSchedule>
        <movieId>82</movieId>
        <departmentId>568</departmentId>
        <date>2018-10-31+07:00</date>
        <showingTimeList>
            <time>13:30</time>
            <time>18:00</time>
            <time>19:50</time>
            <time>21:40</time>
            <time>23:30</time>
        </showingTimeList>
        <bookingUrl>https://www.cgv.vn/default/goosebumps-2-haunted-halloween.html</bookingUrl>
    </MovieSchedule>
    <MovieSchedule>
        <movieId>82</movieId>
        <departmentId>569</departmentId>
        <date>2018-10-31+07:00</date>
        <showingTimeList>
            <time>09:00</time>
            <time>10:50</time>
            <time>13:40</time>
            <time>15:10</time>
            <time>15:30</time>
            <time>19:00</time>
            <time>21:30</time>
        </showingTimeList>
        <bookingUrl>https://www.cgv.vn/default/goosebumps-2-haunted-halloween.html</bookingUrl>
    </MovieSchedule>
    <MovieSchedule>
        <movieId>82</movieId>
        <departmentId>570</departmentId>
        <date>2018-10-31+07:00</date>
        <showingTimeList>
            <time>09:40</time>
            <time>12:00</time>
            <time>16:10</time>
            <time>20:15</time>
            <time>22:10</time>
        </showingTimeList>
        <bookingUrl>https://www.cgv.vn/default/goosebumps-2-haunted-halloween.html</bookingUrl>
    </MovieSchedule>
    <MovieSchedule>
        <movieId>82</movieId>
        <departmentId>571</departmentId>
        <date>2018-10-31+07:00</date>
        <showingTimeList>
            <time>11:50</time>
            <time>13:40</time>
            <time>15:30</time>
            <time>19:10</time>
            <time>23:00</time>
        </showingTimeList>
        <bookingUrl>https://www.cgv.vn/default/goosebumps-2-haunted-halloween.html</bookingUrl>
    </MovieSchedule>
    <MovieSchedule>
        <movieId>82</movieId>
        <departmentId>572</departmentId>
        <date>2018-10-31+07:00</date>
        <showingTimeList>
            <time>11:35</time>
            <time>13:20</time>
        </showingTimeList>
        <bookingUrl>https://www.cgv.vn/default/goosebumps-2-haunted-halloween.html</bookingUrl>
    </MovieSchedule>
    <MovieSchedule>
        <movieId>82</movieId>
        <departmentId>573</departmentId>
        <date>2018-10-31+07:00</date>
        <showingTimeList>
            <time>11:50</time>
            <time>16:25</time>
            <time>18:40</time>
            <time>23:40</time>
        </showingTimeList>
        <bookingUrl>https://www.cgv.vn/default/goosebumps-2-haunted-halloween.html</bookingUrl>
    </MovieSchedule>
    <MovieSchedule>
        <movieId>82</movieId>
        <departmentId>574</departmentId>
        <date>2018-10-31+07:00</date>
        <showingTimeList>
            <time>11:20</time>
            <time>13:55</time>
            <time>17:25</time>
            <time>20:50</time>
            <time>23:15</time>
        </showingTimeList>
        <bookingUrl>https://www.cgv.vn/default/goosebumps-2-haunted-halloween.html</bookingUrl>
    </MovieSchedule>
    <MovieSchedule>
        <movieId>82</movieId>
        <departmentId>575</departmentId>
        <date>2018-10-31+07:00</date>
        <showingTimeList>
            <time>09:45</time>
            <time>11:50</time>
            <time>15:00</time>
            <time>16:30</time>
            <time>18:10</time>
            <time>20:40</time>
        </showingTimeList>
        <bookingUrl>https://www.cgv.vn/default/goosebumps-2-haunted-halloween.html</bookingUrl>
    </MovieSchedule>
    <MovieSchedule>
        <movieId>82</movieId>
        <departmentId>576</departmentId>
        <date>2018-10-31+07:00</date>
        <showingTimeList>
            <time>09:00</time>
            <time>11:20</time>
            <time>14:45</time>
            <time>16:20</time>
            <time>18:20</time>
            <time>20:20</time>
        </showingTimeList>
        <bookingUrl>https://www.cgv.vn/default/goosebumps-2-haunted-halloween.html</bookingUrl>
    </MovieSchedule>
    <MovieSchedule>
        <movieId>82</movieId>
        <departmentId>577</departmentId>
        <date>2018-10-31+07:00</date>
        <showingTimeList>
            <time>09:10</time>
            <time>11:15</time>
            <time>13:05</time>
            <time>14:55</time>
            <time>16:30</time>
            <time>17:15</time>
            <time>18:25</time>
            <time>19:05</time>
            <time>20:20</time>
            <time>20:55</time>
        </showingTimeList>
        <bookingUrl>https://www.cgv.vn/default/goosebumps-2-haunted-halloween.html</bookingUrl>
    </MovieSchedule>
    <MovieSchedule>
        <movieId>82</movieId>
        <departmentId>578</departmentId>
        <date>2018-10-31+07:00</date>
        <showingTimeList>
            <time>09:40</time>
            <time>13:00</time>
            <time>19:00</time>
        </showingTimeList>
        <bookingUrl>https://www.cgv.vn/default/goosebumps-2-haunted-halloween.html</bookingUrl>
    </MovieSchedule>
    <MovieSchedule>
        <movieId>82</movieId>
        <departmentId>579</departmentId>
        <date>2018-10-31+07:00</date>
        <showingTimeList>
            <time>11:30</time>
            <time>18:15</time>
            <time>21:25</time>
            <time>23:20</time>
        </showingTimeList>
        <bookingUrl>https://www.cgv.vn/default/goosebumps-2-haunted-halloween.html</bookingUrl>
    </MovieSchedule>
    <MovieSchedule>
        <movieId>82</movieId>
        <departmentId>580</departmentId>
        <date>2018-10-31+07:00</date>
        <showingTimeList>
            <time>17:45</time>
            <time>22:45</time>
        </showingTimeList>
        <bookingUrl>https://www.cgv.vn/default/goosebumps-2-haunted-halloween.html</bookingUrl>
    </MovieSchedule>
    <MovieSchedule>
        <movieId>82</movieId>
        <departmentId>581</departmentId>
        <date>2018-10-31+07:00</date>
        <showingTimeList>
            <time>09:45</time>
            <time>17:55</time>
            <time>21:05</time>
            <time>23:10</time>
        </showingTimeList>
        <bookingUrl>https://www.cgv.vn/default/goosebumps-2-haunted-halloween.html</bookingUrl>
    </MovieSchedule>
    <MovieSchedule>
        <movieId>82</movieId>
        <departmentId>582</departmentId>
        <date>2018-10-31+07:00</date>
        <showingTimeList>
            <time>18:20</time>
            <time>20:35</time>
            <time>23:25</time>
        </showingTimeList>
        <bookingUrl>https://www.cgv.vn/default/goosebumps-2-haunted-halloween.html</bookingUrl>
    </MovieSchedule>
    <MovieSchedule>
        <movieId>82</movieId>
        <departmentId>583</departmentId>
        <date>2018-10-31+07:00</date>
        <showingTimeList>
            <time>23:15</time>
            <time>10:40</time>
            <time>12:30</time>
            <time>14:20</time>
            <time>16:10</time>
            <time>18:00</time>
            <time>19:50</time>
            <time>21:45</time>
            <time>23:35</time>
        </showingTimeList>
        <bookingUrl>https://www.cgv.vn/default/goosebumps-2-haunted-halloween.html</bookingUrl>
    </MovieSchedule>
    <MovieSchedule>
        <movieId>82</movieId>
        <departmentId>584</departmentId>
        <date>2018-10-31+07:00</date>
        <showingTimeList>
            <time>10:05</time>
            <time>12:20</time>
            <time>14:10</time>
            <time>16:00</time>
            <time>17:50</time>
            <time>19:40</time>
            <time>21:30</time>
            <time>19:00</time>
        </showingTimeList>
        <bookingUrl>https://www.cgv.vn/default/goosebumps-2-haunted-halloween.html</bookingUrl>
    </MovieSchedule>
    <MovieSchedule>
        <movieId>82</movieId>
        <departmentId>585</departmentId>
        <date>2018-10-31+07:00</date>
        <showingTimeList>
            <time>18:20</time>
        </showingTimeList>
        <bookingUrl>https://www.cgv.vn/default/goosebumps-2-haunted-halloween.html</bookingUrl>
    </MovieSchedule>
    <MovieSchedule>
        <movieId>82</movieId>
        <departmentId>586</departmentId>
        <date>2018-10-31+07:00</date>
        <showingTimeList>
            <time>10:15</time>
            <time>14:40</time>
            <time>16:30</time>
            <time>18:20</time>
            <time>20:10</time>
            <time>22:00</time>
            <time>23:20</time>
        </showingTimeList>
        <bookingUrl>https://www.cgv.vn/default/goosebumps-2-haunted-halloween.html</bookingUrl>
    </MovieSchedule>
    <MovieSchedule>
        <movieId>82</movieId>
        <departmentId>587</departmentId>
        <date>2018-10-31+07:00</date>
        <showingTimeList>
            <time>12:50</time>
            <time>14:45</time>
            <time>19:10</time>
            <time>22:00</time>
        </showingTimeList>
        <bookingUrl>https://www.cgv.vn/default/goosebumps-2-haunted-halloween.html</bookingUrl>
    </MovieSchedule>
    <MovieSchedule>
        <movieId>82</movieId>
        <departmentId>588</departmentId>
        <date>2018-10-31+07:00</date>
        <showingTimeList>
            <time>10:30</time>
            <time>13:10</time>
            <time>19:10</time>
            <time>20:00</time>
            <time>22:15</time>
        </showingTimeList>
        <bookingUrl>https://www.cgv.vn/default/goosebumps-2-haunted-halloween.html</bookingUrl>
    </MovieSchedule>
    <MovieSchedule>
        <movieId>82</movieId>
        <departmentId>589</departmentId>
        <date>2018-10-31+07:00</date>
        <showingTimeList>
            <time>11:00</time>
            <time>13:00</time>
            <time>15:00</time>
            <time>17:00</time>
            <time>19:00</time>
            <time>16:10</time>
            <time>20:15</time>
            <time>22:20</time>
        </showingTimeList>
        <bookingUrl>https://www.cgv.vn/default/goosebumps-2-haunted-halloween.html</bookingUrl>
    </MovieSchedule>
    <MovieSchedule>
        <movieId>82</movieId>
        <departmentId>590</departmentId>
        <date>2018-10-31+07:00</date>
        <showingTimeList>
            <time>09:45</time>
            <time>11:40</time>
            <time>14:20</time>
            <time>16:20</time>
            <time>18:20</time>
            <time>19:20</time>
            <time>20:40</time>
            <time>21:40</time>
        </showingTimeList>
        <bookingUrl>https://www.cgv.vn/default/goosebumps-2-haunted-halloween.html</bookingUrl>
    </MovieSchedule>
    <MovieSchedule>
        <movieId>82</movieId>
        <departmentId>591</departmentId>
        <date>2018-10-31+07:00</date>
        <showingTimeList>
            <time>10:50</time>
            <time>16:10</time>
        </showingTimeList>
        <bookingUrl>https://www.cgv.vn/default/goosebumps-2-haunted-halloween.html</bookingUrl>
    </MovieSchedule>
    <MovieSchedule>
        <movieId>82</movieId>
        <departmentId>592</departmentId>
        <date>2018-10-31+07:00</date>
        <showingTimeList>
            <time>09:20</time>
            <time>14:10</time>
            <time>18:20</time>
        </showingTimeList>
        <bookingUrl>https://www.cgv.vn/default/goosebumps-2-haunted-halloween.html</bookingUrl>
    </MovieSchedule>
    <MovieSchedule>
        <movieId>82</movieId>
        <departmentId>593</departmentId>
        <date>2018-10-31+07:00</date>
        <showingTimeList>
            <time>09:25</time>
            <time>11:40</time>
            <time>15:10</time>
            <time>16:20</time>
            <time>19:00</time>
            <time>20:50</time>
        </showingTimeList>
        <bookingUrl>https://www.cgv.vn/default/goosebumps-2-haunted-halloween.html</bookingUrl>
    </MovieSchedule>
    <MovieSchedule>
        <movieId>82</movieId>
        <departmentId>594</departmentId>
        <date>2018-10-31+07:00</date>
        <showingTimeList>
            <time>08:30</time>
            <time>10:30</time>
            <time>15:35</time>
            <time>19:50</time>
            <time>22:05</time>
        </showingTimeList>
        <bookingUrl>https://www.cgv.vn/default/goosebumps-2-haunted-halloween.html</bookingUrl>
    </MovieSchedule>
    <MovieSchedule>
        <movieId>82</movieId>
        <departmentId>595</departmentId>
        <date>2018-10-31+07:00</date>
        <showingTimeList>
            <time>10:30</time>
            <time>16:40</time>
            <time>18:40</time>
            <time>20:10</time>
        </showingTimeList>
        <bookingUrl>https://www.cgv.vn/default/goosebumps-2-haunted-halloween.html</bookingUrl>
    </MovieSchedule>
    <MovieSchedule>
        <movieId>82</movieId>
        <departmentId>596</departmentId>
        <date>2018-10-31+07:00</date>
        <showingTimeList>
            <time>16:40</time>
        </showingTimeList>
        <bookingUrl>https://www.cgv.vn/default/goosebumps-2-haunted-halloween.html</bookingUrl>
    </MovieSchedule>
    <MovieSchedule>
        <movieId>82</movieId>
        <departmentId>597</departmentId>
        <date>2018-10-31+07:00</date>
        <showingTimeList>
            <time>11:50</time>
            <time>15:35</time>
            <time>19:30</time>
        </showingTimeList>
        <bookingUrl>https://www.cgv.vn/default/goosebumps-2-haunted-halloween.html</bookingUrl>
    </MovieSchedule>
    <MovieSchedule>
        <movieId>82</movieId>
        <departmentId>598</departmentId>
        <date>2018-10-31+07:00</date>
        <showingTimeList>
            <time>09:55</time>
            <time>15:20</time>
            <time>17:20</time>
            <time>19:20</time>
            <time>22:15</time>
        </showingTimeList>
        <bookingUrl>https://www.cgv.vn/default/goosebumps-2-haunted-halloween.html</bookingUrl>
    </MovieSchedule>
    <MovieSchedule>
        <movieId>82</movieId>
        <departmentId>599</departmentId>
        <date>2018-10-31+07:00</date>
        <showingTimeList>
            <time>18:10</time>
        </showingTimeList>
        <bookingUrl>https://www.cgv.vn/default/goosebumps-2-haunted-halloween.html</bookingUrl>
    </MovieSchedule>
    <MovieSchedule>
        <movieId>82</movieId>
        <departmentId>600</departmentId>
        <date>2018-10-31+07:00</date>
        <showingTimeList>
            <time>09:50</time>
            <time>12:50</time>
            <time>20:00</time>
        </showingTimeList>
        <bookingUrl>https://www.cgv.vn/default/goosebumps-2-haunted-halloween.html</bookingUrl>
    </MovieSchedule>
    <MovieSchedule>
        <movieId>82</movieId>
        <departmentId>601</departmentId>
        <date>2018-10-31+07:00</date>
        <showingTimeList>
            <time>09:10</time>
            <time>14:20</time>
            <time>16:20</time>
            <time>18:20</time>
            <time>20:10</time>
            <time>21:00</time>
            <time>22:05</time>
        </showingTimeList>
        <bookingUrl>https://www.cgv.vn/default/goosebumps-2-haunted-halloween.html</bookingUrl>
    </MovieSchedule>
    <MovieSchedule>
        <movieId>82</movieId>
        <departmentId>602</departmentId>
        <date>2018-10-31+07:00</date>
        <showingTimeList>
            <time>08:45</time>
            <time>10:10</time>
            <time>12:10</time>
            <time>13:50</time>
            <time>18:00</time>
            <time>20:00</time>
            <time>22:00</time>
        </showingTimeList>
        <bookingUrl>https://www.cgv.vn/default/goosebumps-2-haunted-halloween.html</bookingUrl>
    </MovieSchedule>
    <MovieSchedule>
        <movieId>82</movieId>
        <departmentId>603</departmentId>
        <date>2018-10-31+07:00</date>
        <showingTimeList>
            <time>10:30</time>
            <time>12:20</time>
            <time>14:30</time>
            <time>15:50</time>
            <time>17:40</time>
            <time>19:30</time>
            <time>21:20</time>
        </showingTimeList>
        <bookingUrl>https://www.cgv.vn/default/goosebumps-2-haunted-halloween.html</bookingUrl>
    </MovieSchedule>
    <MovieSchedule>
        <movieId>82</movieId>
        <departmentId>604</departmentId>
        <date>2018-10-31+07:00</date>
        <showingTimeList>
            <time>13:50</time>
            <time>14:50</time>
            <time>16:40</time>
            <time>18:10</time>
            <time>19:10</time>
            <time>21:10</time>
        </showingTimeList>
        <bookingUrl>https://www.cgv.vn/default/goosebumps-2-haunted-halloween.html</bookingUrl>
    </MovieSchedule>
    <MovieSchedule>
        <movieId>82</movieId>
        <departmentId>605</departmentId>
        <date>2018-10-31+07:00</date>
        <showingTimeList>
            <time>13:00</time>
            <time>17:10</time>
            <time>20:00</time>
        </showingTimeList>
        <bookingUrl>https://www.cgv.vn/default/goosebumps-2-haunted-halloween.html</bookingUrl>
    </MovieSchedule>
    <MovieSchedule>
        <movieId>82</movieId>
        <departmentId>606</departmentId>
        <date>2018-10-31+07:00</date>
        <showingTimeList>
            <time>10:20</time>
            <time>16:40</time>
            <time>19:50</time>
            <time>21:50</time>
        </showingTimeList>
        <bookingUrl>https://www.cgv.vn/default/goosebumps-2-haunted-halloween.html</bookingUrl>
    </MovieSchedule>
    <MovieSchedule>
        <movieId>82</movieId>
        <departmentId>607</departmentId>
        <date>2018-10-31+07:00</date>
        <showingTimeList>
            <time>11:30</time>
            <time>13:30</time>
            <time>17:10</time>
            <time>19:40</time>
            <time>20:30</time>
        </showingTimeList>
        <bookingUrl>https://www.cgv.vn/default/goosebumps-2-haunted-halloween.html</bookingUrl>
    </MovieSchedule>
    <MovieSchedule>
        <movieId>82</movieId>
        <departmentId>608</departmentId>
        <date>2018-10-31+07:00</date>
        <showingTimeList>
            <time>16:00</time>
        </showingTimeList>
        <bookingUrl>https://www.cgv.vn/default/goosebumps-2-haunted-halloween.html</bookingUrl>
    </MovieSchedule>
    <MovieSchedule>
        <movieId>82</movieId>
        <departmentId>609</departmentId>
        <date>2018-10-31+07:00</date>
        <showingTimeList>
            <time>11:50</time>
            <time>17:40</time>
            <time>19:40</time>
        </showingTimeList>
        <bookingUrl>https://www.cgv.vn/default/goosebumps-2-haunted-halloween.html</bookingUrl>
    </MovieSchedule>
    <MovieSchedule>
        <movieId>82</movieId>
        <departmentId>610</departmentId>
        <date>2018-10-31+07:00</date>
        <showingTimeList>
            <time>14:15</time>
            <time>18:10</time>
            <time>19:30</time>
            <time>22:05</time>
        </showingTimeList>
        <bookingUrl>https://www.cgv.vn/default/goosebumps-2-haunted-halloween.html</bookingUrl>
    </MovieSchedule>
    <MovieSchedule>
        <movieId>82</movieId>
        <departmentId>611</departmentId>
        <date>2018-10-31+07:00</date>
        <showingTimeList>
            <time>09:20</time>
            <time>14:45</time>
        </showingTimeList>
        <bookingUrl>https://www.cgv.vn/default/goosebumps-2-haunted-halloween.html</bookingUrl>
    </MovieSchedule>
    <MovieSchedule>
        <movieId>82</movieId>
        <departmentId>612</departmentId>
        <date>2018-10-31+07:00</date>
        <showingTimeList>
            <time>09:40</time>
            <time>13:35</time>
            <time>20:20</time>
            <time>22:10</time>
        </showingTimeList>
        <bookingUrl>https://www.cgv.vn/default/goosebumps-2-haunted-halloween.html</bookingUrl>
    </MovieSchedule>
    <MovieSchedule>
        <movieId>82</movieId>
        <departmentId>613</departmentId>
        <date>2018-10-31+07:00</date>
        <showingTimeList>
            <time>09:30</time>
            <time>13:55</time>
            <time>15:50</time>
            <time>20:00</time>
            <time>22:00</time>
        </showingTimeList>
        <bookingUrl>https://www.cgv.vn/default/goosebumps-2-haunted-halloween.html</bookingUrl>
    </MovieSchedule>
    <MovieSchedule>
        <movieId>82</movieId>
        <departmentId>614</departmentId>
        <date>2018-10-31+07:00</date>
        <showingTimeList>
            <time>09:50</time>
            <time>12:05</time>
            <time>16:10</time>
            <time>20:00</time>
            <time>22:45</time>
        </showingTimeList>
        <bookingUrl>https://www.cgv.vn/default/goosebumps-2-haunted-halloween.html</bookingUrl>
    </MovieSchedule>
    <MovieSchedule>
        <movieId>82</movieId>
        <departmentId>615</departmentId>
        <date>2018-10-31+07:00</date>
        <showingTimeList>
            <time>10:30</time>
        </showingTimeList>
        <bookingUrl>https://www.cgv.vn/default/goosebumps-2-haunted-halloween.html</bookingUrl>
    </MovieSchedule>
    <MovieSchedule>
        <movieId>82</movieId>
        <departmentId>616</departmentId>
        <date>2018-10-31+07:00</date>
        <showingTimeList>
            <time>08:50</time>
            <time>10:55</time>
            <time>13:00</time>
            <time>15:05</time>
            <time>17:10</time>
            <time>19:15</time>
            <time>21:20</time>
        </showingTimeList>
        <bookingUrl>https://lottecinemavn.com/vi-vn/phim/cau-chuyen-luc-nua-%C4%91em-2-halloween-quy-am.aspx</bookingUrl>
    </MovieSchedule>
    <MovieSchedule>
        <movieId>82</movieId>
        <departmentId>617</departmentId>
        <date>2018-10-31+07:00</date>
        <showingTimeList>
            <time>08:20</time>
            <time>13:10</time>
            <time>18:00</time>
            <time>21:00</time>
        </showingTimeList>
        <bookingUrl>https://lottecinemavn.com/vi-vn/phim/cau-chuyen-luc-nua-%C4%91em-2-halloween-quy-am.aspx</bookingUrl>
    </MovieSchedule>
    <MovieSchedule>
        <movieId>82</movieId>
        <departmentId>618</departmentId>
        <date>2018-10-31+07:00</date>
        <showingTimeList>
            <time>09:20</time>
            <time>11:30</time>
            <time>13:40</time>
            <time>15:50</time>
            <time>18:00</time>
            <time>20:10</time>
        </showingTimeList>
        <bookingUrl>https://lottecinemavn.com/vi-vn/phim/cau-chuyen-luc-nua-%C4%91em-2-halloween-quy-am.aspx</bookingUrl>
    </MovieSchedule>
    <MovieSchedule>
        <movieId>82</movieId>
        <departmentId>619</departmentId>
        <date>2018-10-31+07:00</date>
        <showingTimeList>
            <time>09:00</time>
            <time>10:50</time>
            <time>12:40</time>
            <time>14:30</time>
            <time>18:10</time>
            <time>20:00</time>
        </showingTimeList>
        <bookingUrl>https://lottecinemavn.com/vi-vn/phim/cau-chuyen-luc-nua-%C4%91em-2-halloween-quy-am.aspx</bookingUrl>
    </MovieSchedule>
    <MovieSchedule>
        <movieId>82</movieId>
        <departmentId>620</departmentId>
        <date>2018-10-31+07:00</date>
        <showingTimeList>
            <time>09:40</time>
            <time>11:40</time>
            <time>13:40</time>
            <time>15:40</time>
            <time>17:40</time>
            <time>19:40</time>
            <time>21:40</time>
        </showingTimeList>
        <bookingUrl>https://lottecinemavn.com/vi-vn/phim/cau-chuyen-luc-nua-%C4%91em-2-halloween-quy-am.aspx</bookingUrl>
    </MovieSchedule>
    <MovieSchedule>
        <movieId>82</movieId>
        <departmentId>621</departmentId>
        <date>2018-10-31+07:00</date>
        <showingTimeList>
            <time>08:50</time>
            <time>13:15</time>
            <time>17:40</time>
            <time>19:35</time>
            <time>21:30</time>
        </showingTimeList>
        <bookingUrl>https://lottecinemavn.com/vi-vn/phim/cau-chuyen-luc-nua-%C4%91em-2-halloween-quy-am.aspx</bookingUrl>
    </MovieSchedule>
    <MovieSchedule>
        <movieId>82</movieId>
        <departmentId>622</departmentId>
        <date>2018-10-31+07:00</date>
        <showingTimeList>
            <time>08:40</time>
            <time>10:35</time>
            <time>15:00</time>
            <time>19:25</time>
            <time>21:20</time>
        </showingTimeList>
        <bookingUrl>https://lottecinemavn.com/vi-vn/phim/cau-chuyen-luc-nua-%C4%91em-2-halloween-quy-am.aspx</bookingUrl>
    </MovieSchedule>
    <MovieSchedule>
        <movieId>82</movieId>
        <departmentId>623</departmentId>
        <date>2018-10-31+07:00</date>
        <showingTimeList>
            <time>08:50</time>
            <time>11:00</time>
            <time>13:10</time>
            <time>15:20</time>
            <time>17:30</time>
            <time>19:40</time>
            <time>21:50</time>
        </showingTimeList>
        <bookingUrl>https://lottecinemavn.com/vi-vn/phim/cau-chuyen-luc-nua-%C4%91em-2-halloween-quy-am.aspx</bookingUrl>
    </MovieSchedule>
    <MovieSchedule>
        <movieId>82</movieId>
        <departmentId>624</departmentId>
        <date>2018-10-31+07:00</date>
        <showingTimeList>
            <time>08:30</time>
            <time>09:30</time>
            <time>10:25</time>
            <time>11:25</time>
            <time>12:20</time>
            <time>14:15</time>
            <time>15:50</time>
            <time>16:10</time>
            <time>18:05</time>
            <time>20:00</time>
            <time>21:55</time>
        </showingTimeList>
        <bookingUrl>https://lottecinemavn.com/vi-vn/phim/cau-chuyen-luc-nua-%C4%91em-2-halloween-quy-am.aspx</bookingUrl>
    </MovieSchedule>
    <MovieSchedule>
        <movieId>82</movieId>
        <departmentId>625</departmentId>
        <date>2018-10-31+07:00</date>
        <showingTimeList>
            <time>08:40</time>
            <time>13:00</time>
            <time>15:10</time>
            <time>19:30</time>
            <time>21:40</time>
        </showingTimeList>
        <bookingUrl>https://lottecinemavn.com/vi-vn/phim/cau-chuyen-luc-nua-%C4%91em-2-halloween-quy-am.aspx</bookingUrl>
    </MovieSchedule>
    <MovieSchedule>
        <movieId>82</movieId>
        <departmentId>626</departmentId>
        <date>2018-10-31+07:00</date>
        <showingTimeList>
            <time>11:10</time>
            <time>14:45</time>
            <time>18:35</time>
            <time>20:40</time>
        </showingTimeList>
        <bookingUrl>https://lottecinemavn.com/vi-vn/phim/cau-chuyen-luc-nua-%C4%91em-2-halloween-quy-am.aspx</bookingUrl>
    </MovieSchedule>
    <MovieSchedule>
        <movieId>82</movieId>
        <departmentId>627</departmentId>
        <date>2018-10-31+07:00</date>
        <showingTimeList>
            <time>08:40</time>
            <time>13:00</time>
            <time>15:10</time>
            <time>19:30</time>
            <time>21:40</time>
        </showingTimeList>
        <bookingUrl>https://lottecinemavn.com/vi-vn/phim/cau-chuyen-luc-nua-%C4%91em-2-halloween-quy-am.aspx</bookingUrl>
    </MovieSchedule>
    <MovieSchedule>
        <movieId>82</movieId>
        <departmentId>628</departmentId>
        <date>2018-10-31+07:00</date>
        <showingTimeList>
            <time>08:50</time>
            <time>12:55</time>
            <time>14:55</time>
            <time>19:00</time>
            <time>21:00</time>
        </showingTimeList>
        <bookingUrl>https://lottecinemavn.com/vi-vn/phim/cau-chuyen-luc-nua-%C4%91em-2-halloween-quy-am.aspx</bookingUrl>
    </MovieSchedule>
    <MovieSchedule>
        <movieId>82</movieId>
        <departmentId>629</departmentId>
        <date>2018-10-31+07:00</date>
        <showingTimeList>
            <time>08:00</time>
            <time>09:35</time>
            <time>12:10</time>
            <time>16:20</time>
            <time>19:00</time>
            <time>20:30</time>
        </showingTimeList>
        <bookingUrl>https://lottecinemavn.com/vi-vn/phim/cau-chuyen-luc-nua-%C4%91em-2-halloween-quy-am.aspx</bookingUrl>
    </MovieSchedule>
    <MovieSchedule>
        <movieId>82</movieId>
        <departmentId>630</departmentId>
        <date>2018-10-31+07:00</date>
        <showingTimeList>
            <time>11:30</time>
            <time>13:30</time>
            <time>15:30</time>
            <time>19:30</time>
            <time>21:50</time>
        </showingTimeList>
        <bookingUrl>https://lottecinemavn.com/vi-vn/phim/cau-chuyen-luc-nua-%C4%91em-2-halloween-quy-am.aspx</bookingUrl>
    </MovieSchedule>
    <MovieSchedule>
        <movieId>82</movieId>
        <departmentId>631</departmentId>
        <date>2018-10-31+07:00</date>
        <showingTimeList>
            <time>10:50</time>
            <time>13:00</time>
            <time>15:10</time>
            <time>17:20</time>
            <time>19:30</time>
        </showingTimeList>
        <bookingUrl>https://lottecinemavn.com/vi-vn/phim/cau-chuyen-luc-nua-%C4%91em-2-halloween-quy-am.aspx</bookingUrl>
    </MovieSchedule>
    <MovieSchedule>
        <movieId>82</movieId>
        <departmentId>632</departmentId>
        <date>2018-10-31+07:00</date>
        <showingTimeList>
            <time>09:00</time>
            <time>13:00</time>
            <time>17:00</time>
            <time>19:00</time>
            <time>21:00</time>
        </showingTimeList>
        <bookingUrl>https://lottecinemavn.com/vi-vn/phim/cau-chuyen-luc-nua-%C4%91em-2-halloween-quy-am.aspx</bookingUrl>
    </MovieSchedule>
    <MovieSchedule>
        <movieId>82</movieId>
        <departmentId>633</departmentId>
        <date>2018-10-31+07:00</date>
        <showingTimeList>
            <time>09:50</time>
            <time>11:50</time>
            <time>13:50</time>
            <time>18:20</time>
            <time>20:20</time>
        </showingTimeList>
        <bookingUrl>https://lottecinemavn.com/vi-vn/phim/cau-chuyen-luc-nua-%C4%91em-2-halloween-quy-am.aspx</bookingUrl>
    </MovieSchedule>
    <MovieSchedule>
        <movieId>82</movieId>
        <departmentId>634</departmentId>
        <date>2018-10-31+07:00</date>
        <showingTimeList>
            <time>08:45</time>
            <time>10:40</time>
            <time>12:35</time>
            <time>14:30</time>
            <time>16:25</time>
            <time>18:20</time>
            <time>20:15</time>
            <time>22:10</time>
        </showingTimeList>
        <bookingUrl>https://lottecinemavn.com/vi-vn/phim/cau-chuyen-luc-nua-%C4%91em-2-halloween-quy-am.aspx</bookingUrl>
    </MovieSchedule>
    <MovieSchedule>
        <movieId>82</movieId>
        <departmentId>635</departmentId>
        <date>2018-10-31+07:00</date>
        <showingTimeList>
            <time>08:50</time>
            <time>12:10</time>
            <time>14:10</time>
            <time>18:40</time>
            <time>20:40</time>
        </showingTimeList>
        <bookingUrl>https://lottecinemavn.com/vi-vn/phim/cau-chuyen-luc-nua-%C4%91em-2-halloween-quy-am.aspx</bookingUrl>
    </MovieSchedule>
    <MovieSchedule>
        <movieId>82</movieId>
        <departmentId>636</departmentId>
        <date>2018-10-31+07:00</date>
        <showingTimeList>
            <time>09:45</time>
            <time>13:40</time>
            <time>17:35</time>
            <time>19:30</time>
            <time>21:25</time>
        </showingTimeList>
        <bookingUrl>https://lottecinemavn.com/vi-vn/phim/cau-chuyen-luc-nua-%C4%91em-2-halloween-quy-am.aspx</bookingUrl>
    </MovieSchedule>
    <MovieSchedule>
        <movieId>82</movieId>
        <departmentId>637</departmentId>
        <date>2018-10-31+07:00</date>
        <showingTimeList>
            <time>08:40</time>
            <time>10:45</time>
            <time>12:50</time>
            <time>14:55</time>
            <time>17:00</time>
            <time>19:05</time>
            <time>21:10</time>
            <time>21:55</time>
        </showingTimeList>
        <bookingUrl>https://lottecinemavn.com/vi-vn/phim/cau-chuyen-luc-nua-%C4%91em-2-halloween-quy-am.aspx</bookingUrl>
    </MovieSchedule>
    <MovieSchedule>
        <movieId>82</movieId>
        <departmentId>638</departmentId>
        <date>2018-10-31+07:00</date>
        <showingTimeList>
            <time>09:00</time>
            <time>11:05</time>
            <time>13:10</time>
            <time>15:15</time>
            <time>19:30</time>
        </showingTimeList>
        <bookingUrl>https://lottecinemavn.com/vi-vn/phim/cau-chuyen-luc-nua-%C4%91em-2-halloween-quy-am.aspx</bookingUrl>
    </MovieSchedule>
    <MovieSchedule>
        <movieId>82</movieId>
        <departmentId>639</departmentId>
        <date>2018-10-31+07:00</date>
        <showingTimeList>
            <time>08:40</time>
            <time>13:00</time>
            <time>15:10</time>
            <time>19:30</time>
            <time>21:40</time>
        </showingTimeList>
        <bookingUrl>https://lottecinemavn.com/vi-vn/phim/cau-chuyen-luc-nua-%C4%91em-2-halloween-quy-am.aspx</bookingUrl>
    </MovieSchedule>
    <MovieSchedule>
        <movieId>82</movieId>
        <departmentId>640</departmentId>
        <date>2018-10-31+07:00</date>
        <showingTimeList>
            <time>08:40</time>
            <time>13:00</time>
            <time>15:10</time>
            <time>19:30</time>
            <time>21:40</time>
        </showingTimeList>
        <bookingUrl>https://lottecinemavn.com/vi-vn/phim/cau-chuyen-luc-nua-%C4%91em-2-halloween-quy-am.aspx</bookingUrl>
    </MovieSchedule>
    <MovieSchedule>
        <movieId>82</movieId>
        <departmentId>641</departmentId>
        <date>2018-10-31+07:00</date>
        <showingTimeList>
            <time>10:20</time>
            <time>14:20</time>
            <time>18:20</time>
            <time>20:30</time>
        </showingTimeList>
        <bookingUrl>https://lottecinemavn.com/vi-vn/phim/cau-chuyen-luc-nua-%C4%91em-2-halloween-quy-am.aspx</bookingUrl>
    </MovieSchedule>
    <MovieSchedule>
        <movieId>82</movieId>
        <departmentId>642</departmentId>
        <date>2018-10-31+07:00</date>
        <showingTimeList>
            <time>09:15</time>
            <time>11:15</time>
            <time>13:15</time>
            <time>15:15</time>
            <time>17:15</time>
            <time>19:15</time>
            <time>20:25</time>
            <time>21:15</time>
        </showingTimeList>
        <bookingUrl>https://lottecinemavn.com/vi-vn/phim/cau-chuyen-luc-nua-%C4%91em-2-halloween-quy-am.aspx</bookingUrl>
    </MovieSchedule>
    <MovieSchedule>
        <movieId>82</movieId>
        <departmentId>643</departmentId>
        <date>2018-10-31+07:00</date>
        <showingTimeList>
            <time>09:20</time>
            <time>11:30</time>
            <time>13:40</time>
            <time>15:50</time>
            <time>18:00</time>
            <time>20:10</time>
        </showingTimeList>
        <bookingUrl>https://lottecinemavn.com/vi-vn/phim/cau-chuyen-luc-nua-%C4%91em-2-halloween-quy-am.aspx</bookingUrl>
    </MovieSchedule>
    <MovieSchedule>
        <movieId>82</movieId>
        <departmentId>644</departmentId>
        <date>2018-10-31+07:00</date>
        <showingTimeList>
            <time>09:10</time>
            <time>11:30</time>
            <time>13:15</time>
            <time>17:20</time>
            <time>19:10</time>
            <time>22:20</time>
        </showingTimeList>
        <bookingUrl>https://lottecinemavn.com/vi-vn/phim/cau-chuyen-luc-nua-%C4%91em-2-halloween-quy-am.aspx</bookingUrl>
    </MovieSchedule>
    <MovieSchedule>
        <movieId>82</movieId>
        <departmentId>645</departmentId>
        <date>2018-10-31+07:00</date>
        <showingTimeList>
            <time>09:50</time>
            <time>14:05</time>
            <time>16:10</time>
            <time>18:15</time>
            <time>20:20</time>
        </showingTimeList>
        <bookingUrl>https://lottecinemavn.com/vi-vn/phim/cau-chuyen-luc-nua-%C4%91em-2-halloween-quy-am.aspx</bookingUrl>
    </MovieSchedule>
    <MovieSchedule>
        <movieId>82</movieId>
        <departmentId>646</departmentId>
        <date>2018-10-31+07:00</date>
        <showingTimeList>
            <time>08:40</time>
            <time>10:35</time>
            <time>12:30</time>
            <time>17:00</time>
            <time>19:05</time>
            <time>21:20</time>
        </showingTimeList>
        <bookingUrl>https://lottecinemavn.com/vi-vn/phim/cau-chuyen-luc-nua-%C4%91em-2-halloween-quy-am.aspx</bookingUrl>
    </MovieSchedule>
    <MovieSchedule>
        <movieId>82</movieId>
        <departmentId>647</departmentId>
        <date>2018-10-31+07:00</date>
        <showingTimeList>
            <time>09:00</time>
            <time>11:00</time>
            <time>13:00</time>
            <time>15:00</time>
            <time>17:00</time>
            <time>19:00</time>
            <time>21:00</time>
        </showingTimeList>
        <bookingUrl>https://lottecinemavn.com/vi-vn/phim/cau-chuyen-luc-nua-%C4%91em-2-halloween-quy-am.aspx</bookingUrl>
    </MovieSchedule>
    <MovieSchedule>
        <movieId>82</movieId>
        <departmentId>648</departmentId>
        <date>2018-10-31+07:00</date>
        <showingTimeList>
            <time>09:00</time>
            <time>13:45</time>
            <time>15:40</time>
            <time>17:35</time>
            <time>19:30</time>
            <time>21:25</time>
        </showingTimeList>
        <bookingUrl>https://lottecinemavn.com/vi-vn/phim/cau-chuyen-luc-nua-%C4%91em-2-halloween-quy-am.aspx</bookingUrl>
    </MovieSchedule>
    <MovieSchedule>
        <movieId>82</movieId>
        <departmentId>649</departmentId>
        <date>2018-10-31+07:00</date>
        <showingTimeList>
            <time>09:10</time>
            <time>11:15</time>
            <time>13:20</time>
            <time>15:25</time>
            <time>17:30</time>
            <time>19:35</time>
            <time>21:40</time>
        </showingTimeList>
        <bookingUrl>https://lottecinemavn.com/vi-vn/phim/cau-chuyen-luc-nua-%C4%91em-2-halloween-quy-am.aspx</bookingUrl>
    </MovieSchedule>
    <MovieSchedule>
        <movieId>82</movieId>
        <departmentId>650</departmentId>
        <date>2018-10-31+07:00</date>
        <showingTimeList>
            <time>09:30</time>
            <time>11:35</time>
            <time>13:35</time>
            <time>15:35</time>
            <time>17:35</time>
            <time>19:35</time>
            <time>21:35</time>
        </showingTimeList>
        <bookingUrl>https://lottecinemavn.com/vi-vn/phim/cau-chuyen-luc-nua-%C4%91em-2-halloween-quy-am.aspx</bookingUrl>
    </MovieSchedule>
    <MovieSchedule>
        <movieId>82</movieId>
        <departmentId>651</departmentId>
        <date>2018-10-31+07:00</date>
        <showingTimeList>
            <time>09:50</time>
            <time>11:05</time>
            <time>14:05</time>
            <time>16:05</time>
            <time>21:50</time>
        </showingTimeList>
        <bookingUrl>https://lottecinemavn.com/vi-vn/phim/cau-chuyen-luc-nua-%C4%91em-2-halloween-quy-am.aspx</bookingUrl>
    </MovieSchedule>
    <MovieSchedule>
        <movieId>82</movieId>
        <departmentId>652</departmentId>
        <date>2018-10-31+07:00</date>
        <showingTimeList>
            <time>09:20</time>
            <time>11:30</time>
            <time>18:50</time>
            <time>21:00</time>
            <time>21:35</time>
        </showingTimeList>
        <bookingUrl>https://lottecinemavn.com/vi-vn/phim/cau-chuyen-luc-nua-%C4%91em-2-halloween-quy-am.aspx</bookingUrl>
    </MovieSchedule>
    <MovieSchedule>
        <movieId>82</movieId>
        <departmentId>653</departmentId>
        <date>2018-10-31+07:00</date>
        <showingTimeList>
            <time>09:20</time>
            <time>12:00</time>
            <time>13:30</time>
            <time>17:40</time>
            <time>18:55</time>
            <time>21:50</time>
        </showingTimeList>
        <bookingUrl>https://lottecinemavn.com/vi-vn/phim/cau-chuyen-luc-nua-%C4%91em-2-halloween-quy-am.aspx</bookingUrl>
    </MovieSchedule>
    <MovieSchedule>
        <movieId>82</movieId>
        <departmentId>654</departmentId>
        <date>2018-10-31+07:00</date>
        <showingTimeList>
            <time>09:15</time>
            <time>11:20</time>
            <time>13:25</time>
            <time>14:15</time>
            <time>15:30</time>
            <time>19:40</time>
            <time>21:50</time>
        </showingTimeList>
        <bookingUrl>https://lottecinemavn.com/vi-vn/phim/cau-chuyen-luc-nua-%C4%91em-2-halloween-quy-am.aspx</bookingUrl>
    </MovieSchedule>
    <MovieSchedule>
        <movieId>82</movieId>
        <departmentId>655</departmentId>
        <date>2018-10-31+07:00</date>
        <showingTimeList>
            <time>10:00</time>
            <time>13:50</time>
            <time>17:40</time>
            <time>21:30</time>
        </showingTimeList>
        <bookingUrl>https://lottecinemavn.com/vi-vn/phim/cau-chuyen-luc-nua-%C4%91em-2-halloween-quy-am.aspx</bookingUrl>
    </MovieSchedule>
</ns2:MovieSchedules>